{
    "place_cups": [
        [
            -0.1252501755952835,
            -0.7335996031761169,
            0.7846644520759583
        ],
        [
            0.5250778794288635,
            0.5957655310630798,
            1.647340178489685
        ]
    ],
    "close_jar": [
        [
            -0.06962238252162933,
            -0.3390176296234131,
            0.7580129504203796
        ],
        [
            0.4743981659412384,
            0.40305784344673157,
            1.4720525741577148
        ]
    ],
    "insert_onto_square_peg": [
        [
            -0.04692745581269264,
            -0.34305936098098755,
            0.7528713941574097
        ],
        [
            0.4967808425426483,
            0.3542478084564209,
            1.4720430374145508
        ]
    ],
    "light_bulb_in": [
        [
            -0.0338476225733757,
            -0.533994734287262,
            0.8294161558151245
        ],
        [
            0.5137674808502197,
            0.39591047167778015,
            1.6218366622924805
        ]
    ],
    "meat_off_grill": [
        [
            -0.03323213756084442,
            -0.3421420454978943,
            1.0510294437408447
        ],
        [
            0.4484463930130005,
            0.3519609868526459,
            1.542190670967102
        ]
    ],
    "open_drawer": [
        [
            0.012617605738341808,
            -0.06152236461639404,
            0.8662055134773254
        ],
        [
            0.38047805428504944,
            0.44173672795295715,
            1.511168122291565
        ]
    ],
    "place_shape_in_shape_sorter": [
        [
            -0.10743069648742676,
            -0.389064759016037,
            0.7574412822723389
        ],
        [
            0.4931349456310272,
            0.49367135763168335,
            1.4727647304534912
        ]
    ],
    "place_wine_at_rack_location": [
        [
            0.006204614881426096,
            -0.44704610109329224,
            0.8617715835571289
        ],
        [
            0.48758140206336975,
            0.19787049293518066,
            1.480934977531433
        ]
    ],
    "push_buttons": [
        [
            0.021184002980589867,
            -0.36834508180618286,
            0.7702418565750122
        ],
        [
            0.484455406665802,
            0.3391384184360504,
            1.4720654487609863
        ]
    ],
    "put_groceries_in_cupboard": [
        [
            -0.3042418658733368,
            -0.5136904120445251,
            0.7632160186767578
        ],
        [
            0.5890765190124512,
            0.7268779873847961,
            1.7139211893081665
        ]
    ],
    "put_item_in_drawer": [
        [
            -0.050217170268297195,
            -0.23539048433303833,
            0.9012432098388672
        ],
        [
            0.3524276316165924,
            0.6159590482711792,
            1.5808026790618896
        ]
    ],
    "put_money_in_safe": [
        [
            -0.04701787978410721,
            -0.28717517852783203,
            0.7885763049125671
        ],
        [
            0.2786584496498108,
            0.42030829191207886,
            1.4720394611358643
        ]
    ],
    "reach_and_drag": [
        [
            0.047469839453697205,
            -0.351046621799469,
            0.8530889749526978
        ],
        [
            0.4512064456939697,
            0.35267987847328186,
            1.4765229225158691
        ]
    ],
    "slide_block_to_color_target": [
        [
            -0.09089697897434235,
            -0.3527182638645172,
            0.7487191557884216
        ],
        [
            0.5151700973510742,
            0.3649747371673584,
            1.4720333814620972
        ]
    ],
    "stack_blocks": [
        [
            -0.2030583769083023,
            -0.4176129400730133,
            0.7713249325752258
        ],
        [
            0.5036024451255798,
            0.49026909470558167,
            1.4720449447631836
        ]
    ],
    "stack_cups": [
        [
            0.02441444993019104,
            -0.383113831281662,
            0.8532769680023193
        ],
        [
            0.5056630969047546,
            0.39290016889572144,
            1.4720371961593628
        ]
    ],
    "sweep_to_dustpan_of_size": [
        [
            0.06897379457950592,
            -0.30288058519363403,
            1.0708848237991333
        ],
        [
            0.4295439124107361,
            0.30295315384864807,
            1.4720780849456787
        ]
    ],
    "turn_tap": [
        [
            -0.03261891007423401,
            -0.5482321381568909,
            0.7561731934547424
        ],
        [
            0.4150252938270569,
            0.5150893926620483,
            1.742407202720642
        ]
    ]
}