{
    "close_drawer": [
        [
            0.05520801246166229,
            -0.04362984001636505,
            0.913456380367279
        ],
        [
            0.3847907483577728,
            0.4153033494949341,
            0.9183140397071838
        ]
    ],
    "close_fridge": [
        [
            0.12962226569652557,
            -0.2261878252029419,
            1.1533762216567993
        ],
        [
            0.5694770216941833,
            0.5198359489440918,
            1.404355764389038
        ]
    ],
    "close_microwave": [
        [
            -0.007069115526974201,
            -0.32004350423812866,
            0.9799190163612366
        ],
        [
            0.514249861240387,
            0.38787585496902466,
            1.011217474937439
        ]
    ],
    "lamp_off": [
        [
            -0.0027194598224014044,
            -0.27229809761047363,
            0.7697545289993286
        ],
        [
            0.5214748978614807,
            0.2507045269012451,
            0.8458210229873657
        ]
    ],
    "press_switch": [
        [
            -0.13941217958927155,
            -0.34383150935173035,
            1.0101796388626099
        ],
        [
            0.6251123547554016,
            0.3364018201828003,
            1.0153617858886719
        ]
    ],
    "push_button": [
        [
            -0.01055082306265831,
            -0.39317312836647034,
            0.7696011066436768
        ],
        [
            0.5058262348175049,
            0.38404375314712524,
            0.8471043109893799
        ]
    ],
    "close_door": [
        [
            0.343924343585968,
            -0.26788851618766785,
            1.2165775299072266
        ],
        [
            0.6564226746559143,
            0.39716383814811707,
            1.2285727262496948
        ]
    ],
    "lamp_on": [
        [
            -0.019794438034296036,
            -0.2584077715873718,
            0.769023597240448
        ],
        [
            0.45888689160346985,
            0.33079615235328674,
            0.9615674018859863
        ]
    ],
    "lift_numbered_block": [
        [
            -0.00807125959545374,
            -0.2585907280445099,
            0.7741650342941284
        ],
        [
            0.3580719530582428,
            0.2405797690153122,
            0.9986135363578796
        ]
    ],
    "open_box": [
        [
            0.07366747409105301,
            -0.4549475610256195,
            0.9025465250015259
        ],
        [
            0.41112571954727173,
            0.27450403571128845,
            1.1480439901351929
        ]
    ],
    "open_drawer": [
        [
            0.10380099713802338,
            -0.057057853788137436,
            0.913453221321106
        ],
        [
            0.35965532064437866,
            0.3861672878265381,
            0.9157843589782715
        ]
    ],
    "open_fridge": [
        [
            0.10825006663799286,
            -0.422019362449646,
            1.2701553106307983
        ],
        [
            0.5726563930511475,
            0.47571462392807007,
            1.3042691946029663
        ]
    ],
    "open_grill": [
        [
            0.058253925293684006,
            -0.3733425438404083,
            1.058421015739441
        ],
        [
            0.44918161630630493,
            0.30944257974624634,
            1.2623568773269653
        ]
    ],
    "open_microwave": [
        [
            -0.18643583357334137,
            -0.4803631007671356,
            0.8878881931304932
        ],
        [
            0.5407922863960266,
            0.4031131863594055,
            0.8912981748580933
        ]
    ],
    "open_wine_bottle": [
        [
            -0.08063027262687683,
            -0.4649062752723694,
            1.0382683277130127
        ],
        [
            0.45242801308631897,
            0.4818035662174225,
            1.1218299865722656
        ]
    ],
    "pick_up_cup": [
        [
            -0.022600434720516205,
            -0.3359810411930084,
            0.8704742789268494
        ],
        [
            0.46342408657073975,
            0.40098345279693604,
            1.1301686763763428
        ]
    ],
    "play_jenga": [
        [
            -0.006246957927942276,
            -0.19559571146965027,
            0.863406240940094
        ],
        [
            0.4334056079387665,
            0.4303490221500397,
            0.865523099899292
        ]
    ],
    "basketball_in_hoop": [
        [
            -0.023083284497261047,
            -0.22607305645942688,
            0.792326033115387
        ],
        [
            0.4755136966705322,
            0.25571566820144653,
            1.345174789428711
        ]
    ],
    "beat_the_buzz": [
        [
            -0.021758683025836945,
            -0.38458719849586487,
            0.8241182565689087
        ],
        [
            0.45031118392944336,
            0.37848544120788574,
            0.9231715202331543
        ]
    ],
    "change_clock": [
        [
            -0.0699954479932785,
            -0.5243577361106873,
            0.9816225171089172
        ],
        [
            0.4077199697494507,
            0.4329493045806885,
            1.214512825012207
        ]
    ],
    "close_grill": [
        [
            0.0524887889623642,
            -0.3383767008781433,
            1.0845285654067993
        ],
        [
            0.47876015305519104,
            0.3101511597633362,
            1.472058892250061
        ]
    ],
    "close_laptop_lid": [
        [
            0.011848852038383484,
            -0.38256341218948364,
            0.8772374391555786
        ],
        [
            0.3688029646873474,
            0.4147731065750122,
            1.1045390367507935
        ]
    ],
    "hang_frame_on_hanger": [
        [
            0.043214116245508194,
            -0.28521138429641724,
            0.9211452007293701
        ],
        [
            0.44389939308166504,
            0.31135404109954834,
            1.127386212348938
        ]
    ],
    "open_door": [
        [
            0.2319784015417099,
            -0.23808732628822327,
            1.2023106813430786
        ],
        [
            0.663882851600647,
            0.477662056684494,
            1.2290065288543701
        ]
    ],
    "open_window": [
        [
            0.3415573835372925,
            -0.050131309777498245,
            1.4462834596633911
        ],
        [
            0.5942109823226929,
            0.4595590829849243,
            1.471477746963501
        ]
    ],
    "pick_and_lift": [
        [
            -0.031366169452667236,
            -0.49629777669906616,
            0.7737409472465515
        ],
        [
            0.5079741477966309,
            0.4650239944458008,
            0.9998928904533386
        ]
    ],
    "pick_and_lift_small": [
        [
            -0.023089151829481125,
            -0.4800979793071747,
            0.7633732557296753
        ],
        [
            0.5317438244819641,
            0.5182185769081116,
            1.0001109838485718
        ]
    ],
    "put_knife_on_chopping_board": [
        [
            -0.07565971463918686,
            -0.38134026527404785,
            0.7774950265884399
        ],
        [
            0.5557281374931335,
            0.3550781309604645,
            1.1006814241409302
        ]
    ],
    "put_rubbish_in_bin": [
        [
            0.054013825953006744,
            -0.3895466923713684,
            0.7692569494247437
        ],
        [
            0.4595278799533844,
            0.3992043733596802,
            1.005134105682373
        ]
    ],
    "put_umbrella_in_umbrella_stand": [
        [
            -0.22110864520072937,
            -0.4743722677230835,
            0.9437026381492615
        ],
        [
            0.3887127935886383,
            0.3742111325263977,
            1.2623322010040283
        ]
    ],