{
    "A": [
        [
            -0.2691913843154907,
            -0.21995729207992554,
            -0.182277649641037
        ],
        [
            0.35127854347229004,
            0.2769763469696045,
            0.17159393429756165
        ]
    ],
    "B": [
        [
            -0.2576896846294403,
            -0.22244493663311005,
            -0.20557966828346252
        ],
        [
            0.32854634523391724,
            0.2922680974006653,
            0.17373555898666382
        ]
    ],
    "C": [
        [
            -0.29205888509750366,
            -0.24688798189163208,
            -0.17577645182609558
        ],
        [
            0.25053921341896057,
            0.3277084231376648,
            0.16431939601898193
        ]
    ],
    "D": [
        [
            -0.25131964683532715,
            -0.15233077108860016,
            -0.13294968008995056
        ],
        [
            0.19209328293800354,
            0.19344553351402283,
            0.1370421051979065
        ]
    ]
}